{
  "hash": "69e114d4",
  "configHash": "3e5da020",
  "lockfileHash": "297b406a",
  "browserHash": "c0c2ec0a",
  "optimized": {
    "@angular/common": {
      "src": "../../../../../../node_modules/@angular/common/fesm2022/common.mjs",
      "file": "@angular_common.js",
      "fileHash": "1ebbc931",
      "needsInterop": false
    },
    "@angular/common/http": {
      "src": "../../../../../../node_modules/@angular/common/fesm2022/http.mjs",
      "file": "@angular_common_http.js",
      "fileHash": "153aa07a",
      "needsInterop": false
    },
    "@angular/core": {
      "src": "../../../../../../node_modules/@angular/core/fesm2022/core.mjs",
      "file": "@angular_core.js",
      "fileHash": "11d1f5cc",
      "needsInterop": false
    },
    "@angular/forms": {
      "src": "../../../../../../node_modules/@angular/forms/fesm2022/forms.mjs",
      "file": "@angular_forms.js",
      "fileHash": "4876559b",
      "needsInterop": false
    },
    "@angular/platform-browser": {
      "src": "../../../../../../node_modules/@angular/platform-browser/fesm2022/platform-browser.mjs",
      "file": "@angular_platform-browser.js",
      "fileHash": "cbcfac74",
      "needsInterop": false
    },
    "@angular/router": {
      "src": "../../../../../../node_modules/@angular/router/fesm2022/router.mjs",
      "file": "@angular_router.js",
      "fileHash": "7f14bf06",
      "needsInterop": false
    }
  },
  "chunks": {
    "chunk-R7VVSQOO": {
      "file": "chunk-R7VVSQOO.js"
    },
    "chunk-FLFGI5M5": {
      "file": "chunk-FLFGI5M5.js"
    },
    "chunk-TERKUIXC": {
      "file": "chunk-TERKUIXC.js"
    },
    "chunk-SCS35AI4": {
      "file": "chunk-SCS35AI4.js"
    },
    "chunk-JEFORLLL": {
      "file": "chunk-JEFORLLL.js"
    }
  }
}